SET
CREATE TABLE
INSERT 0 3
 x  | y  
----+----
 44 | 44
 44 |   
 44 | 42
    | 44
    |   
    | 42
 42 | 44
 42 |   
 42 | 42
(9 rows)

psql:compatible/join.sql:14: ERROR:  column reference "x" is ambiguous
LINE 1: SELECT x FROM onecolumn AS a, onecolumn AS b;
               ^
 x  | y  
----+----
 42 | 42
 44 | 44
(2 rows)

 x  
----
 42
 44
(2 rows)

 x  
----
 42
 44
(2 rows)

 x  | y  
----+----
 42 | 42
 44 | 44
    |   
(3 rows)

 x  
----
 42
 44
   
(3 rows)

psql:compatible/join.sql:32: ERROR:  ORDER BY "x" is ambiguous
LINE 1: SELECT * FROM onecolumn AS a, onecolumn AS b ORDER BY x;
                                                              ^
 x  
----
 42
 44
   
(3 rows)

 x  | y  
----+----
 42 | 42
 44 | 44
    |   
(3 rows)

 x  
----
 42
 44
   
(3 rows)

 x  
----
 42
 44
   
(3 rows)

CREATE TABLE
INSERT 0 2
 x  | w  
----+----
 44 | 42
 44 | 43
    | 42
    | 43
 42 | 42
 42 | 43
(6 rows)

CREATE TABLE
INSERT 0 3
 x  | x  
----+----
 42 | 42
 44 |   
    | 16
    | 43
    |   
(5 rows)

 x  
----
 16
 42
 43
 44
   
(5 rows)

 s  | x  | x  
----+----+----
 16 |    | 16
 42 | 42 | 42
 43 |    | 43
 44 | 44 |   
    |    |   
(5 rows)

 x  
----
 16
 42
 43
 44
   
(5 rows)

 x  
----
 42
(1 row)

CREATE TABLE
 x | y 
---+---
(0 rows)

 x | x 
---+---
(0 rows)

 x | y 
---+---
(0 rows)

 x 
---
(0 rows)

 x | y 
---+---
(0 rows)

 x 
---
(0 rows)

 x  | y 
----+---
 42 |  
 44 |  
    |  
(3 rows)

 x  
----
 42
 44
   
(3 rows)

 x | y 
---+---
(0 rows)

 x 
---
(0 rows)

 x | y 
---+---
(0 rows)

 x 
---
(0 rows)

 x | y  
---+----
   | 42
   | 44
   |   
(3 rows)

 x  
----
 42
 44
   
(3 rows)

 x  | y 
----+---
 42 |  
 44 |  
    |  
(3 rows)

 x  
----
 42
 44
   
(3 rows)

 x | y  
---+----
   | 42
   | 44
   |   
(3 rows)

 x  
----
 42
 44
   
(3 rows)

CREATE TABLE
INSERT 0 4
 x  | y  
----+----
 42 | 53
 44 | 51
(2 rows)

 x  | y  | x  | y  
----+----+----+----
 45 | 45 | 44 | 51
 45 | 45 |    | 52
 45 | 45 | 42 | 53
 45 | 45 | 45 | 45
(4 rows)

 x  | y  
----+----
 42 | 53
(1 row)

 x  | y  
----+----
 44 |   
    |   
 42 | 53
(3 rows)

 x  | y  
----+----
 42 |   
 44 | 51
    |   
(3 rows)

 x  | y  
----+----
 44 | 51
    |   
 42 |   
(3 rows)

 x  | two | plus1 
----+-----+-------
 42 |   2 |    54
 44 |   2 |    52
    |   2 |      
 45 |     |    46
    |     |    53
(5 rows)

CREATE TABLE
INSERT 0 3
CREATE TABLE
INSERT 0 3
 i | i | b 
---+---+---
 2 | 2 | t
 3 | 3 | t
(2 rows)

 i | i | b 
---+---+---
 1 |   | 
 2 | 2 | t
 3 | 3 | t
(3 rows)

 i | i | b 
---+---+---
 2 | 2 | t
 3 | 3 | t
   | 4 | f
(3 rows)

 i | i | b 
---+---+---
 1 |   | 
 2 | 2 | t
 3 | 3 | t
   | 4 | f
(4 rows)

 i | i | b 
---+---+---
 1 |   | 
 2 |   | 
 3 | 3 | t
   | 2 | t
   | 4 | f
(5 rows)

INSERT 0 1
 i | i | b 
---+---+---
 2 | 2 | t
 3 | 3 | f
 3 | 3 | t
   | 4 | f
(4 rows)

 i | i | b 
---+---+---
 2 | 2 | t
 3 | 3 | f
 3 | 3 | t
   | 4 | f
 1 |   | 
(5 rows)

 x  | x  | y  | b  | d  | e  
----+----+----+----+----+----
 42 | 42 | 53 | 42 | 42 | 53
(1 row)

 x  | x  | y  
----+----+----
 42 | 42 | 53
(1 row)

 x  
----
 42
(1 row)

 x  
----
 44
(1 row)

 x  | y  | y  | y  
----+----+----+----
 42 | 53 | 53 | 53
(1 row)

 s  | x  | x  | y  | y  | y  
----+----+----+----+----+----
 42 | 42 | 42 | 53 | 53 | 53
 44 | 44 | 44 | 51 | 51 | 51
 45 | 45 | 45 | 45 | 45 | 45
(3 rows)

psql:compatible/join.sql:200: ERROR:  column "y" specified in USING clause does not exist in left table
psql:compatible/join.sql:203: ERROR:  column name "x" appears more than once in USING clause
CREATE TABLE
psql:compatible/join.sql:209: ERROR:  operator does not exist: integer = text
HINT:  No operator matches the given name and argument types. You might need to add explicit type casts.
psql:compatible/join.sql:212: ERROR:  table name "onecolumn" specified more than once
psql:compatible/join.sql:215: ERROR:  table name "onecolumn" specified more than once
 x  | x  
----+----
 44 | 44
 44 |   
 44 | 42
    | 44
    |   
    | 42
 42 | 44
 42 |   
 42 | 42
(9 rows)

 x  
----
 42
(1 row)

psql:compatible/join.sql:225: ERROR:  column reference "x" is ambiguous
LINE 1: SELECT x FROM (SELECT * FROM onecolumn), (SELECT * FROM onec...
               ^
psql:compatible/join.sql:228: ERROR:  column reference "x" is ambiguous
LINE 1: ...ELECT * FROM (onecolumn AS a JOIN onecolumn AS b ON x > 32);
                                                               ^
psql:compatible/join.sql:231: ERROR:  column a.y does not exist
LINE 1: ...LECT * FROM (onecolumn AS a JOIN onecolumn AS b ON a.y > y);
                                                              ^
CREATE TABLE
INSERT 0 10
CREATE TABLE
CREATE TABLE
 pktable_cat | pktable_schem | pktable_name | pkcolumn_name | fktable_cat | fktable_schem | fktable_name | fkcolumn_name | key_seq | update_rule | delete_rule |     fk_name      |    pk_name     | deferrability 
-------------+---------------+--------------+---------------+-------------+---------------+--------------+---------------+---------+-------------+-------------+------------------+----------------+---------------
             | public        | customers    | id            |             | public        | orders       | cust          |       1 |           3 |           3 | orders_cust_fkey | customers_pkey |             7
(1 row)

CREATE TABLE
INSERT 0 6
CREATE TABLE
INSERT 0 15
 a | b | n | sq 
---+---+---+----
 1 | 1 | 1 |  1
 1 | 2 | 2 |  4
 1 | 3 | 3 |  9
 1 | 4 | 4 | 16
 1 | 5 | 5 | 25
 1 | 6 | 6 | 36
 2 | 3 | 3 |  9
 2 | 4 | 4 | 16
 2 | 5 | 5 | 25
 2 | 6 | 6 | 36
 3 | 4 | 4 | 16
 3 | 5 | 5 | 25
 3 | 6 | 6 | 36
 4 | 5 | 5 | 25
 4 | 6 | 6 | 36
(15 rows)

 a | b | n | sq 
---+---+---+----
 1 | 3 | 2 |  4
 3 | 6 | 3 |  9
 4 | 5 | 3 |  9
(3 rows)

 a | b | n | sq 
---+---+---+----
 1 | 2 | 1 |  1
 1 | 3 | 1 |  1
 2 | 4 | 2 |  4
 3 | 6 | 3 |  9
(4 rows)

 a | b | n | sq 
---+---+---+----
   |   | 1 |  1
 1 | 1 |   |   
 1 | 2 |   |   
 1 | 3 | 2 |  4
 2 | 3 |   |   
 1 | 4 |   |   
 2 | 4 |   |   
 1 | 5 |   |   
 3 | 4 |   |   
 1 | 6 |   |   
 2 | 5 |   |   
 3 | 5 |   |   
 2 | 6 |   |   
 3 | 6 | 3 |  9
 4 | 5 | 3 |  9
 4 | 6 |   |   
   |   | 4 | 16
   |   | 5 | 25
   |   | 6 | 36
(19 rows)

 a | b | n | sq 
---+---+---+----
 1 | 3 | 2 |  4
 3 | 6 | 3 |  9
(2 rows)

 a | b | n | sq 
---+---+---+----
 1 | 2 |   |   
 1 | 3 |   |   
 1 | 4 |   |   
 1 | 5 |   |   
 1 | 6 |   |   
 2 | 3 |   |   
 2 | 4 | 2 |  4
 2 | 5 |   |   
 2 | 6 |   |   
 3 | 4 | 2 |  4
 3 | 5 |   |   
 3 | 6 |   |   
 4 | 5 |   |   
 4 | 6 |   |   
(14 rows)

 a | b | n | sq 
---+---+---+----
 3 | 4 | 2 |  4
   |   | 5 | 25
   |   | 4 | 16
   |   | 6 | 36
   |   | 3 |  9
(5 rows)

CREATE TABLE
CREATE TABLE
INSERT 0 3
INSERT 0 3
 x | col1 | col2 | y | col3 | y | col4 
---+------+------+---+------+---+------
 1 |   10 |   11 | 1 |  100 | 1 |  101
(1 row)

 x | y | col1 | col2 | col3 | col4 
---+---+------+------+------+------
 1 | 1 |   10 |   11 |  100 |  101
(1 row)

 col1 | x | col2 | y | col3 | y | x | col4 
------+---+------+---+------+---+---+------
   10 | 1 |   11 | 1 |  100 | 1 | 1 |  101
(1 row)

  x  | col1 | col2 | y | col3 | y | col4 
-----+------+------+---+------+---+------
   1 |   10 |   11 | 1 |  100 | 1 |  101
   2 |   20 |   21 | 1 |      |   |     
   3 |   30 |   31 | 1 |      |   |     
 201 |      |      |   |  200 | 1 |    2
 401 |      |      |   |  400 | 1 |    4
(5 rows)

  x  | y | col1 | col2 | col3 | col4 
-----+---+------+------+------+------
   1 | 1 |   10 |   11 |  100 |  101
   2 | 1 |   20 |   21 |      |     
   3 | 1 |   30 |   31 |      |     
 201 | 1 |      |      |  200 |    2
 401 | 1 |      |      |  400 |    4
(5 rows)

 col1 | x | col2 | y | col3 | y |  x  | col4 
------+---+------+---+------+---+-----+------
   10 | 1 |   11 | 1 |  100 | 1 |   1 |  101
   20 | 2 |   21 | 1 |      |   |     |     
   30 | 3 |   31 | 1 |      |   |     |     
      |   |      |   |  200 | 1 | 201 |    2
      |   |      |   |  400 | 1 | 401 |    4
(5 rows)

 x | x | x 
---+---+---
 1 | 1 | 1
(1 row)

  x  | x |  x  
-----+---+-----
   1 | 1 |   1
     | 2 |   2
     | 3 |   3
 201 |   | 201
 401 |   | 401
(5 rows)

 x 
---
 1
(1 row)

CREATE TABLE
CREATE TABLE
CREATE TABLE
CREATE TABLE
psql:compatible/join.sql:392: ERROR:  relation "str1" does not exist
LINE 1: INSERT INTO str1 VALUES (1, 'a' COLLATE en_u_ks_level1), (2,...
                    ^
psql:compatible/join.sql:395: ERROR:  relation "str2" does not exist
LINE 1: INSERT INTO str2 VALUES (1, 'A' COLLATE en_u_ks_level1), (2,...
                    ^
psql:compatible/join.sql:398: ERROR:  relation "str1" does not exist
LINE 1: SELECT s, str1.s, str2.s FROM str1 INNER JOIN str2 USING(s);
                                      ^
psql:compatible/join.sql:401: ERROR:  relation "str1" does not exist
LINE 1: SELECT s, str1.s, str2.s FROM str1 LEFT OUTER JOIN str2 USIN...
                                      ^
psql:compatible/join.sql:404: ERROR:  relation "str1" does not exist
LINE 1: SELECT s, str1.s, str2.s FROM str1 RIGHT OUTER JOIN str2 USI...
                                      ^
psql:compatible/join.sql:407: ERROR:  relation "str1" does not exist
LINE 1: SELECT s, str1.s, str2.s FROM str1 FULL OUTER JOIN str2 USIN...
                                      ^
CREATE TABLE
INSERT 0 5
CREATE TABLE
INSERT 0 5
 x | y | u  | v  
---+---+----+----
 3 | 1 | 31 | 31
(1 row)

 x | y | u  | v  
---+---+----+----
 3 | 1 | 31 | 31
 3 | 2 | 32 |   
 4 | 4 | 44 |   
(3 rows)

 x | y | u  | v  
---+---+----+----
 3 | 1 | 31 | 31
 3 | 3 |    | 33
 5 | 5 |    | 55
(3 rows)

 x | y | u  | v  
---+---+----+----
 3 | 1 | 31 | 31
 3 | 2 | 32 |   
 3 | 3 |    | 33
 4 | 4 | 44 |   
 5 | 5 |    | 55
(5 rows)

 x | y | u | x | y | v 
---+---+---+---+---+---
 1 | 1 | 1 | 1 | 1 | 1
(1 row)

 x | y | u | x | y | v 
---+---+---+---+---+---
 1 | 1 | 1 | 1 | 1 | 1
(1 row)

 x | y | u  | x | y | v 
---+---+----+---+---+---
 0 | 0 |  0 |   |   |  
 1 | 1 |  1 | 1 | 1 | 1
 3 | 1 | 31 |   |   |  
 3 | 2 | 32 |   |   |  
 4 | 4 | 44 |   |   |  
(5 rows)

 x | y | u | x | y | v  
---+---+---+---+---+----
 1 | 1 | 1 | 1 | 1 |  1
   |   |   | 2 | 2 |  2
   |   |   | 3 | 1 | 31
   |   |   | 3 | 3 | 33
   |   |   | 5 | 5 | 55
(5 rows)

 x | y | u  | v  
---+---+----+----
 3 | 1 | 31 | 31
 3 | 2 | 32 |   
 4 | 4 | 44 |   
(3 rows)

 x | y | u  | v  
---+---+----+----
 3 | 1 | 31 | 31
 3 | 3 |    | 33
 5 | 5 |    | 55
(3 rows)

 x | y | u  | v  
---+---+----+----
 3 | 1 | 31 | 31
 3 | 2 | 32 |   
 3 | 3 |    | 33
 4 | 4 | 44 |   
 5 | 5 |    | 55
(5 rows)

 x | y | u  | x | y | v 
---+---+----+---+---+---
 0 | 0 |  0 |   |   |  
 1 | 1 |  1 | 1 | 1 | 1
 3 | 1 | 31 |   |   |  
 3 | 2 | 32 |   |   |  
 4 | 4 | 44 |   |   |  
(5 rows)

 x | y | u | x | y | v  
---+---+---+---+---+----
 1 | 1 | 1 | 1 | 1 |  1
   |   |   | 2 | 2 |  2
   |   |   | 3 | 1 | 31
   |   |   | 3 | 3 | 33
   |   |   | 5 | 5 | 55
(5 rows)

CREATE TABLE
CREATE TABLE
INSERT 0 3
INSERT 0 3
 a | b1 | b2 
---+----+----
 1 |  1 |   
(1 row)

 a | b1 | b2 
---+----+----
 2 |  1 |  1
(1 row)

 a | b1 | b2 
---+----+----
 3 |  1 |  1
(1 row)

 a | b1 | b2 
---+----+----
 4 |    |  1
(1 row)

CREATE TABLE
INSERT 0 3
CREATE TABLE
INSERT 0 3
 a | b | c | d 
---+---+---+---
 1 | 1 | 1 | 1
 2 | 2 | 2 | 2
 3 | 3 | 3 | 3
(3 rows)

 b | a | c | d | a | c | d 
---+---+---+---+---+---+---
 1 | 1 | 1 | 1 | 1 | 1 | 1
 2 | 2 | 2 | 2 | 2 | 2 | 2
 3 | 3 | 3 | 3 | 3 | 3 | 3
(3 rows)

 a | b | c | d | c | d 
---+---+---+---+---+---
 1 | 1 | 1 | 1 | 1 | 1
 2 | 2 | 2 | 2 | 2 | 2
 3 | 3 | 3 | 3 | 3 | 3
(3 rows)

 a | b | c | d | d 
---+---+---+---+---
 1 | 1 | 1 | 1 | 1
 2 | 2 | 2 | 2 | 2
 3 | 3 | 3 | 3 | 3
(3 rows)

 a | b | c | d | a | b | c | d 
---+---+---+---+---+---+---+---
 1 | 1 | 1 | 1 | 1 | 1 | 1 | 1
 2 | 2 | 2 | 2 | 2 | 2 | 2 | 2
 3 | 3 | 3 | 3 | 3 | 3 | 3 | 3
(3 rows)

 a | b | c | d | a | b | c | d 
---+---+---+---+---+---+---+---
 1 | 1 | 1 | 1 | 1 | 1 | 1 | 1
 2 | 2 | 2 | 2 | 2 | 2 | 2 | 2
 3 | 3 | 3 | 3 | 3 | 3 | 3 | 3
(3 rows)

 a | b | c | d | a | b | c | d 
---+---+---+---+---+---+---+---
 1 | 1 | 1 | 1 | 1 | 1 | 1 | 1
 2 | 2 | 2 | 2 | 2 | 2 | 2 | 2
 3 | 3 | 3 | 3 | 3 | 3 | 3 | 3
(3 rows)

 a | b | c | d | a | b | c | d 
---+---+---+---+---+---+---+---
 1 | 1 | 1 | 1 | 1 | 1 | 1 | 1
 2 | 2 | 2 | 2 | 2 | 2 | 2 | 2
 3 | 3 | 3 | 3 | 3 | 3 | 3 | 3
(3 rows)

 a | b | c | d | c | d 
---+---+---+---+---+---
 1 | 1 | 1 | 1 | 1 | 1
 2 | 2 | 2 | 2 | 2 | 2
 3 | 3 | 3 | 3 | 3 | 3
(3 rows)

 x | x  | y  
---+----+----
   | 44 | 51
   |    | 52
   | 42 | 53
   | 45 | 45
(4 rows)

psql:compatible/join.sql:548: ERROR:  operator does not exist: text = integer
HINT:  No operator matches the given name and argument types. You might need to add explicit type casts.
psql:compatible/join.sql:551: ERROR:  set-returning functions are not allowed in JOIN conditions
LINE 1: SELECT * FROM foo JOIN bar ON generate_series(0, 1) < 2;
                                      ^
psql:compatible/join.sql:554: ERROR:  aggregate functions are not allowed in JOIN conditions
LINE 1: SELECT * FROM foo JOIN bar ON max(foo.c) < 2;
                                      ^
 a1 | a2 | b1 | b2 
----+----+----+----
  1 |  2 |    |   
    |    |  3 |  4
(2 rows)

CREATE TABLE
CREATE TABLE
psql:compatible/join.sql:568: ERROR:  invalid regular expression: parentheses () not balanced
DROP TABLE
CREATE TABLE
CREATE TABLE
CREATE TABLE
INSERT 0 1
INSERT 0 1
 r | x | y | v 
---+---+---+---
 1 |   |   |  
(1 row)

DROP TABLE
DROP TABLE
DROP TABLE
CREATE TABLE
INSERT 0 2
CREATE TABLE
INSERT 0 2
 b | d | a | c | x | y 
---+---+---+---+---+---
 1 | 1 | 1 | 1 |   |  
 2 | 2 | 2 | 2 | 2 | 2
 3 | 3 |   |   | 3 | 3
(3 rows)

 a | b | c | d | d | x | b | y 
---+---+---+---+---+---+---+---
 1 | 1 | 1 | 1 |   |   |   |  
 2 | 2 | 2 | 2 | 2 | 2 | 2 | 2
   |   |   |   | 3 | 3 | 3 | 3
(3 rows)

 a | b | c | d | d | x | b | y 
---+---+---+---+---+---+---+---
 2 | 2 | 2 | 2 | 2 | 2 | 2 | 2
(1 row)

CREATE TABLE
CREATE TABLE
CREATE TABLE
ALTER TABLE
ALTER TABLE
INSERT 0 1
INSERT 0 1
INSERT 0 1
INSERT 0 1
INSERT 0 1
INSERT 0 1
INSERT 0 1
INSERT 0 1
INSERT 0 1
INSERT 0 1
INSERT 0 1
INSERT 0 1
INSERT 0 1
INSERT 0 1
 id1_2_ |          descript2_2_          | patient_3_2_ 
--------+--------------------------------+--------------
     11 | taskWithPatient1WithValidSite1 |            5
      9 | taskWithoutPatient             |             
     13 | taskWithPatient3WithValidSite2 |            7
     12 | taskWithPatient2WithValidSite1 |            6
(4 rows)

CREATE TABLE
INSERT 0 2
 x | y | x | y 
---+---+---+---
 1 | 1 | 1 | 2
(1 row)

psql:compatible/join.sql:666: ERROR:  unrecognized configuration parameter "autocommit_before_ddl"
CREATE TABLE
CREATE TABLE
INSERT 0 1
INSERT 0 1
  d2  
------
 1.00
(1 row)

psql:compatible/join.sql:682: ERROR:  unrecognized configuration parameter "autocommit_before_ddl"
