SET
CREATE EXTENSION
CREATE FUNCTION
CREATE FUNCTION
CREATE FUNCTION
CREATE TABLE
CREATE INDEX
INSERT 0 3
                token                 |                token2                |                token3                
--------------------------------------+--------------------------------------+--------------------------------------
 63616665-6630-3064-6465-616462656562 | 63616665-6630-3064-6465-616462656563 | 6b616665-6630-3064-6465-616462656564
 63616665-6630-3064-6465-616462656564 | 63616665-6630-3064-6465-616462656565 | 6b616665-6630-3064-6465-616462656565
 63616665-6630-3064-6465-616462656566 | 63616665-6630-3064-6465-616462656567 | 6b616665-6630-3064-6465-616462656566
(3 rows)

                token                 |                token2                |                token3                
--------------------------------------+--------------------------------------+--------------------------------------
 63616665-6630-3064-6465-616462656562 | 63616665-6630-3064-6465-616462656563 | 6b616665-6630-3064-6465-616462656564
(1 row)

                token                 |                token2                |                token3                
--------------------------------------+--------------------------------------+--------------------------------------
 63616665-6630-3064-6465-616462656562 | 63616665-6630-3064-6465-616462656563 | 6b616665-6630-3064-6465-616462656564
 63616665-6630-3064-6465-616462656564 | 63616665-6630-3064-6465-616462656565 | 6b616665-6630-3064-6465-616462656565
(2 rows)

psql:pg_tests/compatible/uuid.sql:53: ERROR:  duplicate key value violates unique constraint "u_pkey"
DETAIL:  Key (token)=(63616665-6630-3064-6465-616462656566) already exists.
psql:pg_tests/compatible/uuid.sql:59: ERROR:  duplicate key value violates unique constraint "i_token2"
DETAIL:  Key (token2)=(63616665-6630-3064-6465-616462656565) already exists.
psql:pg_tests/compatible/uuid.sql:65: ERROR:  invalid input syntax for type uuid: "636166656630306464656164626565"
CONTEXT:  SQL function "uuid_from_bytes" statement 1
psql:pg_tests/compatible/uuid.sql:71: ERROR:  invalid input syntax for type uuid: "6361666566303064646561646265656673"
CONTEXT:  SQL function "uuid_from_bytes" statement 1
psql:pg_tests/compatible/uuid.sql:77: ERROR:  invalid input syntax for type uuid: "63616665-6630-3064-6465-61646265656"
LINE 1: INSERT INTO u VALUES ('63616665-6630-3064-6465-61646265656')...
                              ^
psql:pg_tests/compatible/uuid.sql:83: ERROR:  invalid input syntax for type uuid: "63616665-6630-3064-6465-6164626565620"
LINE 1: INSERT INTO u VALUES ('63616665-6630-3064-6465-6164626565620...
                              ^
                token                 
--------------------------------------
 63616665-6630-3064-6465-616462656566
(1 row)

                token                 
--------------------------------------
 63616665-6630-3064-6465-616462656562
(1 row)

                token                 
--------------------------------------
 63616665-6630-3064-6465-616462656562
(1 row)

                token                 
--------------------------------------
 63616665-6630-3064-6465-616462656566
(1 row)

                token2                
--------------------------------------
 63616665-6630-3064-6465-616462656563
(1 row)

                token                 
--------------------------------------
 63616665-6630-3064-6465-616462656562
 63616665-6630-3064-6465-616462656564
(2 rows)

INSERT 0 1
INSERT 0 1
INSERT 0 1
psql:pg_tests/compatible/uuid.sql:122: ERROR:  duplicate key value violates unique constraint "u_pkey"
DETAIL:  Key (token)=(63616665-6630-3064-6465-616462656566) already exists.
INSERT 0 1
                token                 
--------------------------------------
 63616665-6630-3064-6465-616462656566
(1 row)

            token_bytes             
------------------------------------
 \x63616665663030646465616462656566
(1 row)

psql:pg_tests/compatible/uuid.sql:139: ERROR:  cannot cast type uuid to integer
LINE 1: SELECT token::int FROM u;
                    ^
                 uuid                 
--------------------------------------
 63616665-6630-3064-6465-616462656562
(1 row)

               uuid_nil               
--------------------------------------
 00000000-0000-0000-0000-000000000000
(1 row)

             uuid_ns_dns              
--------------------------------------
 6ba7b810-9dad-11d1-80b4-00c04fd430c8
(1 row)

             uuid_ns_url              
--------------------------------------
 6ba7b811-9dad-11d1-80b4-00c04fd430c8
(1 row)

             uuid_ns_oid              
--------------------------------------
 6ba7b812-9dad-11d1-80b4-00c04fd430c8
(1 row)

             uuid_ns_x500             
--------------------------------------
 6ba7b814-9dad-11d1-80b4-00c04fd430c8
(1 row)

 ?column? 
----------
 f
(1 row)

 ?column? 
----------
 f
(1 row)

 ?column? 
----------
 t
(1 row)

 ?column? 
----------
 f
(1 row)

           uuid_generate_v3           
--------------------------------------
 6505abc6-6166-351d-b8f6-ce179e9cf79d
(1 row)

           uuid_generate_v5           
--------------------------------------
 9a8b57c4-73a4-5dfb-b888-6fff478edf63
(1 row)

SELECT 1
                ?column?                 
-----------------------------------------
 eb64afe6-ade7-40ce-8352-4bb5eec39075foo
(1 row)

RESET
