SET
DROP TABLE
RESET
CREATE TABLE
INSERT 0 2001
CREATE TABLE
INSERT 0 5
CREATE TABLE
INSERT 0 2
CREATE TABLE
INSERT 0 2
CREATE TABLE
INSERT 0 3
CREATE TABLE
INSERT 0 1
CREATE TABLE
INSERT 0 3
CREATE TABLE
INSERT 0 1
CREATE TABLE
INSERT 0 2001
CREATE TABLE
INSERT 0 2
CREATE TABLE
INSERT 0 3
CREATE TABLE
CREATE TABLE
INSERT 0 1
INSERT 0 2
CREATE TABLE
INSERT 0 3
CREATE TABLE
INSERT 0 3
CREATE TABLE
INSERT 0 2
CREATE TABLE
CREATE INDEX
CREATE TABLE
INSERT 0 2
 a | case 
---+------
 0 |    0
 0 |    0
 1 |    3
 1 |    3
 2 |    5
 2 |    5
(6 rows)

 a | case 
---+------
 0 |    0
 0 |    0
 1 |    3
 1 |    3
 2 |    5
 2 |    5
(6 rows)

CREATE TABLE
 pk 
----
(0 rows)

 b | ?column? 
---+----------
 0 | t
 1 | f
 2 | t
 3 | f
(4 rows)

 b 
---
 0
 2
(2 rows)

 b 
---
 0
 1
(2 rows)

CREATE TABLE
INSERT 0 4
CREATE TABLE
INSERT 0 4
 count 
-------
  2001
(1 row)

 count 
-------
  1001
(1 row)

 a | b | c 
---+---+---
 0 | 0 | 0
 0 | 1 | 1
 1 | 2 | 2
 1 | 3 | 3
 2 | 4 | 4
 2 | 5 | 5
 3 | 6 | 6
 3 | 7 | 7
 4 | 8 | 8
 4 | 9 | 9
(10 rows)

 a | b 
---+---
 0 | 0
 0 | 1
 1 | 2
 1 | 3
 2 | 4
 2 | 5
 3 | 6
 3 | 7
 4 | 8
 4 | 9
(10 rows)

 b 
---
 0
 1
 2
(3 rows)

 c | ?column? 
---+----------
 0 | f
 1 | f
 2 | t
(3 rows)

 a 
---
 1
 1
(2 rows)

 a | b 
---+---
 1 | 1
(1 row)

 a | b 
---+---
 0 | 1
 1 | 3
 2 | 5
 3 | 7
 4 | 9
(5 rows)

 ?column? 
----------
        1
        2
        3
(3 rows)

 ?column? 
----------
         
        2
         
        2
(4 rows)

 a | b | ?column? 
---+---+----------
   |   |         
   | 1 |         
 1 |   |         
 1 | 1 |        2
(4 rows)

 a | b | ?column? 
---+---+----------
 0 | 0 |        2
 0 | 1 |        3
 1 | 2 |        8
 1 | 3 |       10
 2 | 4 |       18
 2 | 5 |       21
(6 rows)

 int4 
------
    1
(1 row)

 ?column? 
----------
        5
        5
        4
(3 rows)

 ?column? | a 
----------+---
        5 | 0
        5 | 0
        5 | 1
(3 rows)

 b | i 
---+---
 t | 0
 t | 2
(2 rows)

CREATE TABLE
INSERT 0 1
 int4 
------
    3
(1 row)

 ?column? | ?column? 
----------+----------
 t        | f
(1 row)

 a |  b  
---+-----
 1 | 2.0
(1 row)

 ?column? | ?column? | ?column? | ?column? | ?column? 
----------+----------+----------+----------+----------
      3.0 |        4 |      5.0 |      6.0 |        7
(1 row)

 ?column? | ?column? | ?column? | ?column? | ?column? 
----------+----------+----------+----------+----------
     -1.0 |       -2 |     -1.0 |     -2.0 |       -1
(1 row)

 ?column? | ?column? | ?column? | ?column? | ?column? 
----------+----------+----------+----------+----------
      2.0 |        3 |      6.0 |      8.0 |       12
(1 row)

        ?column?        | ?column? |        ?column?        |        ?column?        | ?column? 
------------------------+----------+------------------------+------------------------+----------
 0.50000000000000000000 |        0 | 0.66666666666666666667 | 0.50000000000000000000 |        0
(1 row)

CREATE TABLE
INSERT 0 1
                                                                                                    ?column?                                                                                                    
----------------------------------------------------------------------------------------------------------------------------------------------------------------------------------------------------------------
 151290000000000000000000000000000000000000000000000000000000000000000000000000000000000000000000000000000000000000000000000000000000000000000000000000000000000000000000000000000000000000000000000000000000.0
(1 row)

                                                                                                   ?column?                                                                                                   
--------------------------------------------------------------------------------------------------------------------------------------------------------------------------------------------------------------
 1000000000000000000000000000000000000000000000000000000000000000000000000000000000000000000000000000000000000000000000000000000000000000000000000000000000000000000000000000000000000000000000000000000000.0
(1 row)

                                                                                                   ?column?                                                                                                    
---------------------------------------------------------------------------------------------------------------------------------------------------------------------------------------------------------------
 12300000000000000000000000000000000000000000000000000000000000000000000000000000000000000000000000000000000000000000000000000000000000000000000000000000000000000000000000000000000000000000000000000000012.3
(1 row)

                                                                                                   ?column?                                                                                                    
---------------------------------------------------------------------------------------------------------------------------------------------------------------------------------------------------------------
 12299999999999999999999999999999999999999999999999999999999999999999999999999999999999999999999999999999999999999999999999999999999999999999999999999999999999999999999999999999999999999999999999999999987.7
(1 row)

 a | b | ?column? | ?column? 
---+---+----------+----------
 0 | 1 | t        | t
 1 | 2 | t        | f
(2 rows)

 a | b | ?column? | ?column? | ?column? | ?column? | ?column? | ?column? 
---+---+----------+----------+----------+----------+----------+----------
 0 | 0 | f        | f        |          |          |          | 
 0 | 1 |          | f        | t        |          |          | 
(2 rows)

 sum | b 
-----+---
   5 | 3
   7 | 2
   3 | 1
(3 rows)

CREATE TABLE
CREATE INDEX
CREATE TABLE
INSERT 0 2
INSERT 0 2
 a 
---
 1
 2
(2 rows)

 d 
---
 0
 0
(2 rows)

 d 
---
 0
 0
(2 rows)

 a | b | c | ordinality 
---+---+---+------------
 2 | 4 | 4 |          1
 2 | 5 | 5 |          2
 3 | 6 | 6 |          3
 3 | 7 | 7 |          4
 4 | 8 | 8 |          5
 4 | 9 | 9 |          6
(6 rows)

 a 
---
 1
 1
 2
 2
(4 rows)

CREATE TABLE
INSERT 0 3
 x 
---
(0 rows)

  x  
-----
 abc
 xyz
(2 rows)

  x  
-----
 abc
 xyz
(2 rows)

 x 
---
(0 rows)

  x  
-----
 abc
(1 row)

  x  
-----
 xyz
(1 row)

  x  
-----
 abc
(1 row)

  x  
-----
 xyz
(1 row)

  x  
-----
 abc
(1 row)

  x  
-----
 xyz
(1 row)

  x  
-----
 abc
(1 row)

  x  
-----
 xyz
(1 row)

  x  | ?column? | ?column? | ?column? | ?column? | ?column? | ?column? | ?column? | ?column? | ?column? | ?column? 
-----+----------+----------+----------+----------+----------+----------+----------+----------+----------+----------
 abc | t        | f        | t        | f        | t        | f        | t        | f        | t        | f
 xyz | t        | f        | f        | t        | f        | t        | f        | t        | f        | t
     |          |          |          |          |          |          |          |          |          | 
(3 rows)

CREATE TABLE
CREATE INDEX
INSERT 0 4
  d   
------
     
    1
  1.0
 1.00
(4 rows)

  d   
------
     
    1
  1.0
 1.00
(4 rows)

 array 
-------
 {1}
(1 row)

CREATE TABLE
INSERT 0 1
 a 
---
 1
(1 row)

 ?column? 
----------
        0
(1 row)

 b 
---
 0
(1 row)

CREATE TABLE
INSERT 0 1
 x | y 
---+---
 0 |  
(1 row)

 count | ?column? | ?column? | ?column? 
-------+----------+----------+----------
     5 |        6 | t        | t
(1 row)

 x 
---
 5
(1 row)

CREATE TABLE
INSERT 0 1
 x 
---
 1
(1 row)

 ?column? | ?column? | ?column? 
----------+----------+----------
        0 |        3 |       12
(1 row)

 substring 
-----------
 abc
 he
(2 rows)

 substring 
-----------
 abc
 he
(2 rows)

 substring 
-----------
 
 
(2 rows)

 substring 
-----------
 a
 h
(2 rows)

 abs 
-----
   3
   2
(2 rows)

CREATE TABLE
INSERT 0 1
 extract 
---------
    2017
(1 row)

SELECT 1
 sum 
-----
   1
(1 row)

 a | c  
---+----
 1 | 10
 2 | 20
(2 rows)

 min 
-----
   1
(1 row)

CREATE TABLE
 count | count | sum | min | max | sum | avg 
-------+-------+-----+-----+-----+-----+-----
     0 |     0 |     |     |     |     |    
(1 row)

 count | count | sum | min | max | sum | avg 
-------+-------+-----+-----+-----+-----+-----
(0 rows)

CREATE TABLE
INSERT 0 3
 a | ordinality_times2 
---+-------------------
 1 |                 2
 2 |                 4
 3 |                 6
(3 rows)

 a 
---
 1
 2
(2 rows)

 ?column? 
----------
 
(1 row)

CREATE TABLE
INSERT 0 1
 ?column? 
----------
       10
(1 row)

 ?column? 
----------
      0.0
(1 row)

CREATE TABLE
INSERT 0 3
CREATE TABLE
INSERT 0 3
 a | b | c | d 
---+---+---+---
 1 | 1 | 1 | 1
 2 | 2 | 2 | 2
 3 | 3 | 3 | 3
(3 rows)

CREATE TABLE
INSERT 0 1
 a 
---
(0 rows)

CREATE TABLE
INSERT 0 1
 case 
------
(0 rows)

CREATE TABLE
INSERT 0 1
 case 
------
    0
(1 row)

 case 
------
    0
(1 row)

 case 
------
     
(1 row)

 case 
------
     
(1 row)

 case 
------
     
(1 row)

 case 
------
     
(1 row)

 x 
---
(0 rows)

 x 
---
(0 rows)

 x 
---
(0 rows)

 col_2976 
----------
        1
        1
        1
        1
        1
        1
        1
        1
(8 rows)

 a | ?column? | ?column? | b | ?column? | ?column? 
---+----------+----------+---+----------+----------
   | t        | f        |   | t        | f
   | t        | f        | 1 | f        | t
 1 | f        | t        |   | t        | f
 1 | f        | t        | 1 | f        | t
(4 rows)

 a | b 
---+---
   |  
   | 1
(2 rows)

 a | b 
---+---
 1 |  
 1 | 1
(2 rows)

 a | b 
---+---
   |  
   | 1
(2 rows)

 a | b 
---+---
 1 |  
 1 | 1
(2 rows)

 a | b | case 
---+---+------
   |   |    1
   | 1 |    1
 1 |   |    0
 1 | 1 |    2
(4 rows)

  a   
------
 1020
 1021
 1022
 1023
 1024
 1025
 1026
 1027
 1028
 1029
(10 rows)

CREATE TABLE
CREATE INDEX
INSERT 0 1
 a 
---
 1
(1 row)

CREATE TABLE
INSERT 0 1
 b 
---
  
(1 row)

 max 
-----
 b
 c
(2 rows)

CREATE TABLE
INSERT 0 1
 case 
------
    1
(1 row)

 case 
------
    1
(1 row)

CREATE TABLE
 r 
---
(0 rows)

 r 
---
(0 rows)

 max  
------
 2000
(1 row)

 c0 | c0 
----+----
 a  | 
(1 row)

CREATE TABLE
INSERT 0 1
 c0 
----
(0 rows)

 c0 | c1 
----+----
  1 |   
  2 |  1
  3 |   
(3 rows)

CREATE TABLE
INSERT 0 1
 c0 
----
(0 rows)

CREATE TABLE
CREATE VIEW
 c0 
----
(0 rows)

CREATE TABLE
INSERT 0 2
 count 
-------
     1
(1 row)

 b | d | e | f | g | sum 
---+---+---+---+---+-----
 1 | 1 | 1 | 1 | 1 |   3
 2 | 1 | 1 | 1 | 1 |   3
(2 rows)

CREATE TABLE
CREATE TABLE
INSERT 0 1
INSERT 0 1
 ?column? 
----------
 f
(1 row)

 a |           b            | a |    b     |          c          
---+------------------------+---+----------+---------------------
 0 | 1970-01-01 00:00:00+00 | 0 | 00:00:00 | 1970-01-01 00:00:00
(1 row)

 a |           b            | a |    b     |          c          
---+------------------------+---+----------+---------------------
 0 | 1970-01-01 00:00:00+00 | 0 | 00:00:00 | 1970-01-01 00:00:00
(1 row)

CREATE TABLE
CREATE INDEX
INSERT 0 1
 count 
-------
     1
(1 row)

CREATE TABLE
INSERT 0 1
     c0     
------------
 1819487610
(1 row)

CREATE TABLE
CREATE INDEX
INSERT 0 1
 ?column? 
----------
 t
(1 row)

 ?column? 
----------
 t
(1 row)

SELECT 1
       random       
--------------------
 0.9648674916755107
(1 row)

CREATE TYPE
CREATE TABLE
                            QUERY PLAN                            
------------------------------------------------------------------
 Seq Scan on greeting_table  (cost=0.00..35.50 rows=2550 width=4)
(1 row)

 _string 
---------
 foo
 bar
(2 rows)

CREATE TABLE
INSERT 0 2
 _float8 | _float4 
---------+---------
       2 |       2
       1 |       1
(2 rows)

 _float4 | _float8 
---------+---------
       1 |       2
       2 |       1
(2 rows)

INSERT 0 2
  b  
-----
 bar
 bar
(2 rows)

  c   
------
 a\\b
(1 row)

CREATE TABLE
INSERT 0 1
 ?column? 
----------
 t
(1 row)

CREATE TABLE
INSERT 0 3
 c | ?column? 
---+----------
   | 
 1 | t
 2 | t
(3 rows)

CREATE TABLE
INSERT 0 2
 pg_typeof 
-----------
 smallint
(1 row)

 ?column? 
----------
        4
(1 row)

CREATE TABLE
INSERT 0 1
SET
PREPARE
UPDATE 1
DEALLOCATE
RESET
